Object,Destination
Ouput@LRPS,LRPSa
LRPSa,LRPSb
LRPSb,LRP001
LRP001,LRP002
LRP002,LRP002a
LRP002a,LRP003
LRP003,LRP004
LRP004,LRP004a
LRP004a,LRP005
LRP005,LRP006
LRP006,LRP007
LRP007,LRP007a
LRP007a,LRP008
LRP008,LRP008a
LRP008a,LRP009
LRP009,LRP009a
LRP009a,LRP010
LRP010,LRP010a
LRP010a,Input@LRP010b
Ouput@LRP010b,Input@LRP010c
Ouput@LRP010c,LRP011
LRP011,Input@LRP011a
Ouput@LRP011a,LRP011b
LRP011b,Input@LRP011c
Ouput@LRP011c,LRP012
LRP012,Input@LRP012a
Ouput@LRP012a,Input@LRP012b
Ouput@LRP012b,LRP012c
LRP012c,LRP013
LRP013,Input@LRP013a
Ouput@LRP013a,LRP014
LRP014,Input@LRP014a
Ouput@LRP014a,LRP015
LRP015,LRP015a
LRP015a,LRP016
LRP016,Input@LRP016a
Ouput@LRP016a,LRP016b
LRP016b,LRP016c
LRP016c,LRP017
LRP017,LRP017a
LRP017a,Input@LRP017b
Ouput@LRP017b,Input@LRP017b
Ouput@LRP017b,LRP017c
LRP017c,LRP017d
LRP017d,LRP018
LRP018,Input@LRP018a
Ouput@LRP018a,Input@LRP018b
Ouput@LRP018b,Input@LRP018c
Ouput@LRP018c,Input@LRP018c
Ouput@LRP018c,LRP019
LRP019,Input@LRP019a
Ouput@LRP019a,Input@LRP019a
Ouput@LRP019a,LRP019b
LRP019b,LRP020
LRP020,Input@LRP020a
Ouput@LRP020a,Input@LRP020b
Ouput@LRP020b,LRP020c
LRP020c,LRP021
LRP021,LRP021a
LRP021a,Input@LRP021c
Ouput@LRP021c,LRP022
LRP022,Input@LRP022a
Ouput@LRP022a,LRP022b
LRP022b,LRP022c
LRP022c,LRP022d
LRP022d,LRP023
LRP023,Input@LRP023a
Ouput@LRP023a,Input@LRP023a
Ouput@LRP023a,Input@LRP023c
Ouput@LRP023c,Input@LRP023d
Ouput@LRP023d,LRP024
LRP024,Input@LRP024a
Ouput@LRP024a,Input@LRP024a
Ouput@LRP024a,LRP025
LRP025,LRP026
LRP026,Input@LRP026a
Ouput@LRP026a,Input@LRP026b
Ouput@LRP026b,LRP027
LRP027,Input@LRP027a
Ouput@LRP027a,LRP028
LRP028,LRP028a
LRP028a,Input@LRP028b
Ouput@LRP028b,LRP028c
LRP028c,LRP029
LRP029,Input@LRP029a
Ouput@LRP029a,LRP029b
LRP029b,LRP030
LRP030,Input@LRP030a
Ouput@LRP030a,LRP030b
LRP030b,LRP030c
LRP030c,LRP030d
LRP030d,LRP031
LRP031,Input@LRP031a
Ouput@LRP031a,Input@LRP031a
Ouput@LRP031a,LRP031b
LRP031b,LRP031c
LRP031c,LRP032
LRP032,Input@LRP032a
Ouput@LRP032a,Input@LRP032d
Ouput@LRP032d,LRP033
LRP033,Input@LRP033a
Ouput@LRP033a,Input@LRP033b
Ouput@LRP033b,LRP033c
LRP033c,LRP034
LRP034,Input@LRP034a
Ouput@LRP034a,Input@LRP034c
Ouput@LRP034c,LRP035
LRP035,Input@LRP035a
Ouput@LRP035a,LRP035b
LRP035b,LRP035c
LRP035c,LRP036
LRP036,Input@LRP036a
Ouput@LRP036a,Input@LRP036a
Ouput@LRP036a,Input@LRP036c
Ouput@LRP036c,LRP037
LRP037,Input@LRP037a
Ouput@LRP037a,Input@LRP037a
Ouput@LRP037a,LRP038
LRP038,LRP038a
LRP038a,LRP038b
LRP038b,LRP038c
LRP038c,LRP038d
LRP038d,LRP038e
LRP038e,LRP039
LRP039,LRP039a
LRP039a,LRP040
LRP040,Input@LRP040b
Ouput@LRP040b,Input@LRP040c
Ouput@LRP040c,LRP041
LRP041,LRP042
LRP042,LRP042a
LRP042a,LRP042b
LRP042b,LRP043
LRP043,Input@LRP043a
Ouput@LRP043a,LRP044
LRP044,LRP045
LRP045,LRP045a
LRP045a,LRP046
LRP046,Input@LRP046a
Ouput@LRP046a,LRP046b
LRP046b,LRP046c
LRP046c,LRP047
LRP047,Input@LRP047a
Ouput@LRP047a,LRP048
LRP048,LRP048a
LRP048a,LRP048b
LRP048b,LRP049
LRP049,Input@LRP049a
Ouput@LRP049a,Input@LRP049a
Ouput@LRP049a,LRP050
LRP050,LRP050a
LRP050a,LRP050b
LRP050b,LRP051
LRP051,Input@LRP051a
Ouput@LRP051a,LRP052
LRP052,LRP052a
LRP052a,LRP053
LRP053,Input@LRP053a
Ouput@LRP053a,LRP054
LRP054,LRP055
LRP055,LRP056
LRP056,Input@LRP056a
Ouput@LRP056a,Input@LRP056a
Ouput@LRP056a,LRP056b
LRP056b,LRP056c
LRP056c,LRP057
LRP057,LRP058
LRP058,LRP058a
LRP058a,LRP059
LRP059,Input@LRP059a
Ouput@LRP059a,LRP060
LRP060,LRP060a
LRP060a,LRP061
LRP061,Input@LRP061a
Ouput@LRP061a,LRP062
LRP062,LRP063
LRP063,LRP063a
LRP063a,LRP063b
LRP063b,LRP063c
LRP063c,LRP064
LRP064,Input@LRP064a
Ouput@LRP064a,Input@LRP064c
Ouput@LRP064c,LRP065
LRP065,LRP066
LRP066,LRP066a
LRP066a,LRP067
LRP067,Input@LRP067a
Ouput@LRP067a,LRP068
LRP068,Input@LRP068a
Ouput@LRP068a,LRP069
LRP069,LRP070
LRP070,LRP070a
LRP070a,LRP070b
LRP070b,LRP071
LRP071,LRP072
LRP072,Input@LRP072a
Ouput@LRP072a,LRP072b
LRP072b,LRP073
LRP073,LRP074
LRP074,LRP075
LRP075,Input@LRP075a
Ouput@LRP075a,LRP076
LRP076,Input@LRP076a
Ouput@LRP076a,LRP077
LRP077,Input@LRP077a
Ouput@LRP077a,LRP078
LRP078,LRP079
LRP079,Input@LRP079a
Ouput@LRP079a,LRP080
LRP080,LRP081
LRP081,Input@LRP081a
Ouput@LRP081a,LRP082
LRP082,LRP082a
LRP082a,LRP083
LRP083,Input@LRP083a
Ouput@LRP083a,Input@LRP083b
Ouput@LRP083b,LRP084
LRP084,LRP084a
LRP084a,LRP084b
LRP084b,LRP085
LRP085,LRP086
LRP086,LRP087
LRP087,LRP088
LRP088,Input@LRP088a
Ouput@LRP088a,Input@LRP088a
Ouput@LRP088a,LRP089
LRP089,LRP089a
LRP089a,LRP089b
LRP089b,LRP089c
LRP089c,LRP090
LRP090,LRP091
LRP091,LRP092
LRP092,Input@LRP092a
Ouput@LRP092a,Input@LRP092a
Ouput@LRP092a,LRP093
LRP093,LRP093a
LRP093a,LRP093b
LRP093b,LRP093c
LRP093c,LRP094
LRP094,Input@LRP094a
Ouput@LRP094a,Input@LRP094a
Ouput@LRP094a,LRP095
LRP095,LRP095a
LRP095a,LRP095b
LRP095b,LRP096
LRP096,LRP097
LRP097,LRP098
LRP098,Input@LRP098a
Ouput@LRP098a,Input@LRP098a
Ouput@LRP098a,LRP099
LRP099,LRP099a
LRP099a,LRP099b
LRP099b,LRP100
LRP100,LRP101
LRP101,Input@LRP101a
Ouput@LRP101a,LRP101b
LRP101b,LRP101c
LRP101c,LRP102
LRP102,LRP102a
LRP102a,LRP102b
LRP102b,LRP103
LRP103,LRP104
LRP104,Input@LRP104a
Ouput@LRP104a,LRP105
LRP105,Input@LRP105a
Ouput@LRP105a,LRP105b
LRP105b,LRP106
LRP106,LRP106a
LRP106a,LRP107
LRP107,Input@LRP107a
Ouput@LRP107a,LRP108
LRP108,LRP108a
LRP108a,LRP108b
LRP108b,LRP108c
LRP108c,LRP109
LRP109,Input@LRP109a
Ouput@LRP109a,LRP110
LRP110,Input@LRP110a
Ouput@LRP110a,LRP110b
LRP110b,Input@LRP110c
Ouput@LRP110c,LRP111
LRP111,Input@LRP111a
Ouput@LRP111a,LRP111b
LRP111b,LRP111c
LRP111c,LRP112
LRP112,Input@LRP112a
Ouput@LRP112a,LRP113
LRP113,Input@LRP113a
Ouput@LRP113a,LRP113b
LRP113b,LRP114
LRP114,Input@LRP114a
Ouput@LRP114a,LRP115
LRP115,LRP115a
LRP115a,LRP116
LRP116,Input@LRP116a
Ouput@LRP116a,Input@LRP116b
Ouput@LRP116b,Input@LRP116c
Ouput@LRP116c,LRP117
LRP117,Input@LRP117a
Ouput@LRP117a,LRP117b
LRP117b,LRP117c
LRP117c,LRP118
LRP118,Input@LRP118a
Ouput@LRP118a,Input@LRP118b
Ouput@LRP118b,Input@LRP118d
Ouput@LRP118d,LRP119
LRP119,Input@LRP119a
Ouput@LRP119a,Input@LRP119b
Ouput@LRP119b,LRP119c
LRP119c,LRP119d
LRP119d,LRP120
LRP120,Input@LRP120a
Ouput@LRP120a,Input@LRP120b
Ouput@LRP120b,LRP121
LRP121,LRP121a
LRP121a,Input@LRP121b
Ouput@LRP121b,LRP122
LRP122,Input@LRP122a
Ouput@LRP122a,LRP122b
LRP122b,LRP123
LRP123,Input@LRP123a
Ouput@LRP123a,LRP124
LRP124,Input@LRP124a
Ouput@LRP124a,LRP125
LRP125,Input@LRP125a
Ouput@LRP125a,LRP126
LRP126,Input@LRP126a
Ouput@LRP126a,LRP126b
LRP126b,LRP127
LRP127,Input@LRP127a
Ouput@LRP127a,LRP128
LRP128,Input@LRP128a
Ouput@LRP128a,LRP128b
LRP128b,LRP129
LRP129,Input@LRP129a
Ouput@LRP129a,LRP130
LRP130,Input@LRP130a
Ouput@LRP130a,LRP130b
LRP130b,LRP131
LRP131,Input@LRP131a
Ouput@LRP131a,Input@LRP131b
Ouput@LRP131b,LRP132
LRP132,Input@LRP132a
Ouput@LRP132a,LRP133
LRP133,Input@LRP133a
Ouput@LRP133a,LRP133b
LRP133b,LRP134
LRP134,Input@LRP134a
Ouput@LRP134a,LRP135
LRP135,Input@LRP135a
Ouput@LRP135a,Input@LRP135b
Ouput@LRP135b,LRP136
LRP136,Input@LRP136a
Ouput@LRP136a,LRP136b
LRP136b,Input@LRP136c
Ouput@LRP136c,LRP137
LRP137,Input@LRP137a
Ouput@LRP137a,Input@LRP137b
Ouput@LRP137b,LRP138
LRP138,Input@LRP138a
Ouput@LRP138a,LRP139
LRP139,LRP139a
LRP139a,LRP139b
LRP139b,LRP139c
LRP139c,LRP140
LRP140,Input@LRP140a
Ouput@LRP140a,LRP141
LRP141,LRP141a
LRP141a,LRP141b
LRP141b,LRP142
LRP142,Input@LRP142a
Ouput@LRP142a,LRP143
LRP143,Input@LRP143a
Ouput@LRP143a,LRP144
LRP144,LRP144a
LRP144a,LRP144b
LRP144b,LRP145
LRP145,Input@LRP145a
Ouput@LRP145a,LRP146
LRP146,LRP146a
LRP146a,LRP147
LRP147,LRP147a
LRP147a,LRP147b
LRP147b,LRP148
LRP148,Input@LRP148a
Ouput@LRP148a,Input@LRP149a
Ouput@LRP149a,Input@LRP149a
Ouput@LRP149a,Input@LRP149b
Ouput@LRP149b,Input@LRP149c
Ouput@LRP149c,LRP150
LRP150,LRP151
LRP151,LRP151a
LRP151a,LRP151b
LRP151b,LRP152
LRP152,LRP152a
LRP152a,LRP152b
LRP152b,LRP153
LRP153,LRP154
LRP154,LRP155
LRP155,Input@LRP155a
Ouput@LRP155a,Input@LRP155a
Ouput@LRP155a,LRP156
LRP156,LRP156a
LRP156a,LRP156b
LRP156b,LRP157
LRP157,LRP158
LRP158,LRP159
LRP159,Input@LRP159a
Ouput@LRP159a,LRP160
LRP160,LRP160a
LRP160a,LRP161
LRP161,Input@LRP161a
Ouput@LRP161a,LRP162
LRP162,LRP163
LRP163,LRP163a
LRP163a,LRP163b
LRP163b,LRP164
LRP164,LRP164a
LRP164a,LRP165
LRP165,LRP166
LRP166,Input@LRP166a
Ouput@LRP166a,Input@LRP166a
Ouput@LRP166a,Input@LRP166c
Ouput@LRP166c,LRP167
LRP167,Input@LRP167a
Ouput@LRP167a,LRP168
LRP168,LRP168a
LRP168a,LRP168b
LRP168b,LRP169
LRP169,Input@LRP169a
Ouput@LRP169a,LRP170
LRP170,LRP170a
LRP170a,LRP170b
LRP170b,LRP170c
LRP170c,LRP170d
LRP170d,LRP171
LRP171,Input@LRP171a
Ouput@LRP171a,Input@LRP171b
Ouput@LRP171b,Input@LRP171c
Ouput@LRP171c,LRP172
LRP172,Input@LRP172a
Ouput@LRP172a,Input@LRP172b
Ouput@LRP172b,LRP173
LRP173,Input@LRP173a
Ouput@LRP173a,Input@LRP173b
Ouput@LRP173b,LRP174
LRP174,Input@LRP174a
Ouput@LRP174a,Input@LRP174b
Ouput@LRP174b,Input@LRP174c
Ouput@LRP174c,LRP175
LRP175,Input@LRP175a
Ouput@LRP175a,Input@LRP175b
Ouput@LRP175b,LRP176
LRP176,Input@LRP176a
Ouput@LRP176a,Input@LRP176b
Ouput@LRP176b,LRP176c
LRP176c,LRP176d
LRP176d,LRP177
LRP177,LRP177a
LRP177a,LRP178
LRP178,LRP178a
LRP178a,LRP179
LRP179,Input@LRP179a
Ouput@LRP179a,LRP180
LRP180,LRP180a
LRP180a,LRP180b
LRP180b,LRP180c
LRP180c,LRP181
LRP181,Input@LRP181a
Ouput@LRP181a,LRP182
LRP182,Input@LRP182a
Ouput@LRP182a,LRP182b
LRP182b,LRP183
LRP183,LRP183a
LRP183a,Input@LRP183b
Ouput@LRP183b,LRP184
LRP184,Input@LRP184a
Ouput@LRP184a,LRP184b
LRP184b,LRP184c
LRP184c,LRP185
LRP185,Input@LRP185a
Ouput@LRP185a,LRP185b
LRP185b,LRP186
LRP186,Input@LRP186a
Ouput@LRP186a,LRP187
LRP187,Input@LRP187a
Ouput@LRP187a,Input@LRP187b
Ouput@LRP187b,LRP188
LRP188,LRP188a
LRP188a,LRP189
LRP189,LRP189a
LRP189a,LRP190
LRP190,Input@LRP190a
Ouput@LRP190a,LRP191
LRP191,Input@LRP191a
Ouput@LRP191a,Input@LRP191b
Ouput@LRP191b,Input@LRP191c
Ouput@LRP191c,LRP192
LRP192,LRP192a
LRP192a,LRP192b
LRP192b,LRP193
LRP193,Input@LRP193a
Ouput@LRP193a,LRP193b
LRP193b,LRP194
LRP194,Input@LRP194a
Ouput@LRP194a,LRP194b
LRP194b,LRP194c
LRP194c,LRP195
LRP195,Input@LRP195a
Ouput@LRP195a,LRP196
LRP196,Input@LRP196a
Ouput@LRP196a,LRP196b
LRP196b,LRP197
LRP197,Input@LRP197a
Ouput@LRP197a,Input@LRP197b
Ouput@LRP197b,LRP198
LRP198,Input@LRP198a
Ouput@LRP198a,LRP198b
LRP198b,LRP198c
LRP198c,LRP199
LRP199,Input@LRP199a
Ouput@LRP199a,Input@LRP199b
Ouput@LRP199b,Input@LRP199c
Ouput@LRP199c,LRP200
LRP200,LRP200a
LRP200a,LRP200b
LRP200b,LRP201
LRP201,Input@LRP201a
Ouput@LRP201a,Input@LRP201b
Ouput@LRP201b,LRP202
LRP202,Input@LRP202a
Ouput@LRP202a,Input@LRP202b
Ouput@LRP202b,LRP203
LRP203,Input@LRP203a
Ouput@LRP203a,Input@LRP203b
Ouput@LRP203b,LRP204
LRP204,Input@LRP204a
Ouput@LRP204a,LRP204b
LRP204b,LRP204c
LRP204c,LRP204d
LRP204d,LRP204f
LRP204f,LRP205
LRP205,Input@LRP205a
Ouput@LRP205a,LRP205b
LRP205b,LRP206
LRP206,Input@LRP206a
Ouput@LRP206a,Input@LRP206b
Ouput@LRP206b,Input@LRP206c
Ouput@LRP206c,LRP207
LRP207,Input@LRP207a
Ouput@LRP207a,LRP207b
LRP207b,LRP207c
LRP207c,LRP207d
LRP207d,LRP208
LRP208,Input@LRP208a
Ouput@LRP208a,Input@LRP208d
Ouput@LRP208d,LRP209
LRP209,Input@LRP209a
Ouput@LRP209a,LRP209b
LRP209b,LRP209c
LRP209c,LRP209d
LRP209d,LRP210
LRP210,Input@LRP210a
Ouput@LRP210a,Input@LRP210b
Ouput@LRP210b,Input@LRP210d
Ouput@LRP210d,LRP211
LRP211,Input@LRP211a
Ouput@LRP211a,LRP211b
LRP211b,LRP211c
LRP211c,LRP211d
LRP211d,LRP212
LRP212,Input@LRP212a
Ouput@LRP212a,LRP213
LRP213,Input@LRP213a
Ouput@LRP213a,Input@LRP213b
Ouput@LRP213b,LRP214
LRP214,Input@LRP214a
Ouput@LRP214a,LRP215
LRP215,Input@LRP215a
Ouput@LRP215a,Input@LRP215b
Ouput@LRP215b,LRP216
LRP216,LRP216a
LRP216a,LRP216b
LRP216b,LRP217
LRP217,Input@LRP217a
Ouput@LRP217a,Input@LRP217a
Ouput@LRP217a,LRP217b
LRP217b,LRP217c
LRP217c,LRP217d
LRP217d,LRP217e
LRP217e,LRP218
LRP218,Input@LRP218a
Ouput@LRP218a,Input@LRP218b
Ouput@LRP218b,LRP218c
LRP218c,LRP218d
LRP218d,LRP218e
LRP218e,LRP219
LRP219,Input@LRP219a
Ouput@LRP219a,LRP219b
LRP219b,LRP220
LRP220,Input@LRP220a
Ouput@LRP220a,Input@LRP220b
Ouput@LRP220b,LRP221
LRP221,Input@LRP221a
Ouput@LRP221a,LRP221b
LRP221b,LRP221c
LRP221c,LRP222
LRP222,LRP222a
LRP222a,LRP223
LRP223,Input@LRP223a
Ouput@LRP223a,Input@LRP223a
Ouput@LRP223a,LRP224
LRP224,Input@LRP224a
Ouput@LRP224a,LRP224b
LRP224b,LRP225
LRP225,LRP226
LRP226,Input@LRP226a
Ouput@LRP226a,Input@LRP226b
Ouput@LRP226b,LRP227
LRP227,LRP227a
LRP227a,LRP227b
LRP227b,LRP227c
LRP227c,LRP228
LRP228,Input@LRP228a
Ouput@LRP228a,LRP229
LRP229,LRP229a
LRP229a,LRP229b
LRP229b,LRP230
LRP230,Input@LRP230a
Ouput@LRP230a,LRP230b
LRP230b,LRP230c
LRP230c,LRP231
LRP231,Input@LRP231a
Ouput@LRP231a,Input@LRP231b
Ouput@LRP231b,LRP231c
LRP231c,LRP232
LRP232,Input@LRP232a
Ouput@LRP232a,LRP232b
LRP232b,LRP232c
LRP232c,LRP232d
LRP232d,LRP233
LRP233,Input@LRP233a
Ouput@LRP233a,LRP234
LRP234,Input@LRP234a
Ouput@LRP234a,LRP234b
LRP234b,LRP235
LRP235,LRP235a
LRP235a,LRP235b
LRP235b,Input@LRP236a
Ouput@LRP236a,Input@LRP238a
Ouput@LRP238a,Input@LRP238a
Ouput@LRP238a,Input@LRP239a
Ouput@LRP239a,Input@LRP239a
Ouput@LRP239a,Input@LRP240a
Ouput@LRP240a,Input@LRP240a
Ouput@LRP240a,Input@LRP240c
Ouput@LRP240c,Input@LRP240c
Ouput@LRP240c,Input@LRP241a
Ouput@LRP241a,Input@LRP241a
Ouput@LRP241a,Input@LRP242b
Ouput@LRP242b,Input@LRP242b
Ouput@LRP242b,Input@LRP243b
Ouput@LRP243b,Input@LRP244a
Ouput@LRP244a,Input@LRP244b
Ouput@LRP244b,Input@LRP244c
Ouput@LRP244c,LRP245
LRP245,Input@LRP245a
Ouput@LRP245a,Input@LRP245b
Ouput@LRP245b,LRP246
LRP246,Input@LRP246a
Ouput@LRP246a,Input@LRP246b
Ouput@LRP246b,LRP247
LRP247,Input@LRP247a
Ouput@LRP247a,Input@LRP247a
Ouput@LRP247a,LRP247b
LRP247b,LRP248
LRP248,Input@LRP248a
Ouput@LRP248a,LRP248b
LRP248b,LRP248c
LRP248c,LRP248d
LRP248d,LRP249
LRP249,Input@LRP249a
Ouput@LRP249a,LRP250
LRP250,Input@LRP250a
Ouput@LRP250a,LRP250b
LRP250b,LRP250c
LRP250c,LRP251
LRP251,Input@LRP251a
Ouput@LRP251a,Input@LRP251a
Ouput@LRP251a,LRP251b
LRP251b,LRP251c
LRP251c,LRP252
LRP252,Input@LRP252a
Ouput@LRP252a,LRP252b
LRP252b,Input@LRP252c
Ouput@LRP252c,LRP253
LRP253,Input@LRP253a
Ouput@LRP253a,LRP254
LRP254,LRP254a
LRP254a,LRP254b
LRP254b,LRP254c
LRP254c,LRP254d
LRP254d,LRP255
LRP255,Input@LRP255a
Ouput@LRP255a,LRP255b
LRP255b,LRP256
LRP256,LRP256a
LRP256a,LRP257
LRP257,Input@LRP257a
Ouput@LRP257a,Input@LRP257a
Ouput@LRP257a,LRP258
LRP258,LRP258a
LRP258a,LRP259
LRP259,LRP259a
LRP259a,LRP259b
LRP259b,LRP260
LRP260,Input@LRP260a
Ouput@LRP260a,LRP260b
LRP260b,LRP260c
LRP260c,LRP261
LRP261,Input@LRP261a
Ouput@LRP261a,Input@LRP261a
Ouput@LRP261a,LRP262
LRP262,Input@LRP262a
Ouput@LRP262a,LRP263
LRP263,LRP263a
LRP263a,Input@LRP263b
Ouput@LRP263b,LRP264
LRP264,Input@LRP264a
Ouput@LRP264a,Input@LRP264a
Ouput@LRP264a,Input@LRP264c
Ouput@LRP264c,LRP265
LRP265,Input@LRP265a
Ouput@LRP265a,Input@LRP265b
Ouput@LRP265b,LRP266
LRP266,LRP267
LRP267,Input@LRP267a
Ouput@LRP267a,LRP267b
LRP267b,LRP268
LRP268,Input@LRP268a
Ouput@LRP268a,Input@LRP268b
Ouput@LRP268b,LRP268c
LRP268c,LRP269
LRP269,Input@LRP269a
Ouput@LRP269a,LRP269b
LRP269b,Input@LRP269c
Ouput@LRP269c,LRP270
LRP270,Input@LRP270a
Ouput@LRP270a,LRP271
LRP271,Input@LRP271a
Ouput@LRP271a,LRP271b
LRP271b,LRP272
LRP272,Input@LRP272a
Ouput@LRP272a,Input@LRP272a
Ouput@LRP272a,LRP272b
LRP272b,Input@LRP272c
Ouput@LRP272c,LRP273
LRP273,LRP273a
LRP273a,LRP273b
LRP273b,LRP274
LRP274,LRP274a
LRP274a,LRP275
LRP275,LRP275a
LRP275a,LRP275b
LRP275b,LRP276
LRP276,Input@LRP276a
Ouput@LRP276a,LRP276b
LRP276b,LRP276c
LRP276c,LRP277
LRP277,LRP277a
LRP277a,LRP277b
LRP277b,LRP277c
LRP277c,LRP278
LRP278,LRP278a
LRP278a,LRP278b
LRP278b,LRP279
LRP279,Input@LRP279a
Ouput@LRP279a,Input@LRP279a
Ouput@LRP279a,LRP279b
LRP279b,LRP279c
LRP279c,LRP279d
LRP279d,LRP280
LRP280,Input@LRP280a
Ouput@LRP280a,LRP281
LRP281,LRP281a
LRP281a,LRP282
LRP282,Input@LRP282a
Ouput@LRP282a,Input@LRP282c
Ouput@LRP282c,Input@LRP282e
Ouput@LRP282e,LRP283
LRP283,Input@LRP283a
Ouput@LRP283a,Input@LRP283c
Ouput@LRP283c,Input@LRP283d
Ouput@LRP283d,LRP284
LRP284,Input@LRP284a
Ouput@LRP284a,LRP285
LRP285,LRP286
LRP286,LRP286a
LRP286a,Input@LRP286b
Ouput@LRP286b,LRP287
LRP287,Input@LRP287a
Ouput@LRP287a,LRP287b
LRP287b,LRP288
LRP288,Input@LRP288a
Ouput@LRP288a,LRP289
LRP289,Input@LRP289a
Ouput@LRP289a,LRP289b
LRP289b,LRP290
LRP290,LRP290a
LRP290a,LRP290b
LRP290b,LRP290c
LRP290c,LRP290d
LRP290d,LRP291
LRP291,Input@LRP291a
Ouput@LRP291a,Input@LRP291a
Ouput@LRP291a,LRP291b
LRP291b,Input@LRP291c
Ouput@LRP291c,Input@LRP291d
Ouput@LRP291d,LRP292
LRP292,Input@LRP292a
Ouput@LRP292a,Input@LRP292b
Ouput@LRP292b,LRP293
LRP293,Input@LRP293a
Ouput@LRP293a,LRP293b
LRP293b,Input@LRP293c
Ouput@LRP293c,LRP294
LRP294,Input@LRP294a
Ouput@LRP294a,Input@LRP294c
Ouput@LRP294c,LRP295
LRP295,Input@LRP295a
Ouput@LRP295a,Input@LRP295b
Ouput@LRP295b,LRP296
LRP296,Input@LRP296a
Ouput@LRP296a,Input@LRP296b
Ouput@LRP296b,LRP297
LRP297,LRP297a
LRP297a,LRP298
LRP298,Input@LRP298a
Ouput@LRP298a,LRP298b
LRP298b,LRP299
LRP299,Input@LRP299a
Ouput@LRP299a,LRP299b
LRP299b,Input@LRP299c
Ouput@LRP299c,LRP300
LRP300,Input@LRP300a
Ouput@LRP300a,Input@LRP300b
Ouput@LRP300b,Input@LRP300d
Ouput@LRP300d,LRP301
LRP301,Input@LRP301a
Ouput@LRP301a,Input@LRP301b
Ouput@LRP301b,Input@LRP301b
Ouput@LRP301b,LRP301c
LRP301c,LRP302
LRP302,Input@LRP302a
Ouput@LRP302a,Input@LRP302a
Ouput@LRP302a,Input@LRP302c
Ouput@LRP302c,Input@LRP302e
Ouput@LRP302e,LRP303
LRP303,Input@LRP303a
Ouput@LRP303a,LRP303b
LRP303b,LRP304
LRP304,LRP304a
LRP304a,Input@LRP304b
Ouput@LRP304b,LRP305
LRP305,Input@LRP305a
Ouput@LRP305a,Input@LRP305c
Ouput@LRP305c,LRP306
LRP306,Input@LRP306a
Ouput@LRP306a,Input@LRP306b
Ouput@LRP306b,Input@LRP306b
Ouput@LRP306b,LRP307
LRP307,Input@LRP307a
Ouput@LRP307a,LRP307b
LRP307b,LRP308
LRP308,Input@LRP308a
Ouput@LRP308a,Input@LRP308b
Ouput@LRP308b,LRP308c
LRP308c,LRP308d
LRP308d,LRP309
LRP309,Input@LRP309a
Ouput@LRP309a,Input@LRP309b
Ouput@LRP309b,LRP309c
LRP309c,LRP310
LRP310,Input@LRP310a
Ouput@LRP310a,Input@LRP310b
Ouput@LRP310b,LRP310c
LRP310c,LRP310d
LRP310d,LRP311
LRP311,Input@LRP311a
Ouput@LRP311a,Input@LRP311b
Ouput@LRP311b,LRP312
LRP312,LRP312a
LRP312a,LRP312b
LRP312b,LRP313
LRP313,LRP313a
LRP313a,Input@LRP313b
Ouput@LRP313b,LRP313c
LRP313c,LRP314
LRP314,Input@LRP314a
Ouput@LRP314a,LRP314b
LRP314b,LRP314c
LRP314c,LRP315
LRP315,Input@LRP315a
Ouput@LRP315a,LRP316
LRP316,Input@LRP316a
Ouput@LRP316a,LRP316b
LRP316b,LRP317
LRP317,Input@LRP317a
Ouput@LRP317a,Input@LRP317a
Ouput@LRP317a,LRP317b
LRP317b,LRP318
LRP318,Input@LRP318a
Ouput@LRP318a,Input@LRP318b
Ouput@LRP318b,LRP319
LRP319,Input@LRP319a
Ouput@LRP319a,Input@LRP319b
Ouput@LRP319b,LRP320
LRP320,Input@LRP320a
Ouput@LRP320a,LRP321
LRP321,Input@LRP321a
Ouput@LRP321a,Input@LRP321b
Ouput@LRP321b,Input@LRP321b
Ouput@LRP321b,Input@LRP321d
Ouput@LRP321d,LRP322
LRP322,Input@LRP322a
Ouput@LRP322a,LRP323
LRP323,LRP323a
LRP323a,Input@LRP323b
Ouput@LRP323b,LRP324
LRP324,LRP324a
LRP324a,LRP325
LRP325,Input@LRP325a
Ouput@LRP325a,LRP325b
LRP325b,Input@LRP325c
Ouput@LRP325c,LRP326
LRP326,Input@LRP326a
Ouput@LRP326a,LRP326b
LRP326b,LRP327
LRP327,Input@LRP327a
Ouput@LRP327a,LRP327b
LRP327b,LRP328
LRP328,Input@LRP328a
Ouput@LRP328a,Input@LRP328a
Ouput@LRP328a,LRP328b
LRP328b,LRP329
LRP329,LRP329a
LRP329a,LRP329b
LRP329b,LRP329c
LRP329c,LRP330
LRP330,LRP330a
LRP330a,LRP331
LRP331,Input@LRP331a
Ouput@LRP331a,LRP331b
LRP331b,LRP331c
LRP331c,LRP332
LRP332,Input@LRP332a
Ouput@LRP332a,Input@LRP332b
Ouput@LRP332b,Input@LRP332c
Ouput@LRP332c,Input@LRP332c
Ouput@LRP332c,LRP333
LRP333,Input@LRP333a
Ouput@LRP333a,LRP333b
LRP333b,LRP334
LRP334,LRP334a
LRP334a,LRP335
LRP335,Input@LRP335a
Ouput@LRP335a,LRP335b
LRP335b,LRP335c
LRP335c,LRP335d
LRP335d,LRP336
LRP336,Input@LRP336a
Ouput@LRP336a,LRP336b
LRP336b,LRP336c
LRP336c,LRP337
LRP337,LRP337a
LRP337a,LRP338
LRP338,LRP339
LRP339,Input@LRP339a
Ouput@LRP339a,Input@LRP339a
Ouput@LRP339a,Input@LRP339c
Ouput@LRP339c,LRP340
LRP340,Input@LRP340a
Ouput@LRP340a,LRP340b
LRP340b,LRP340c
LRP340c,LRP340d
LRP340d,LRP341
LRP341,Input@LRP341a
Ouput@LRP341a,Input@LRP341a
Ouput@LRP341a,LRP341b
LRP341b,LRP342
LRP342,Input@LRP342a
Ouput@LRP342a,Input@LRP342c
Ouput@LRP342c,LRP343
LRP343,LRP343a
LRP343a,LRP344
LRP344,LRP344a
LRP344a,LRP345
LRP345,Input@LRP345a
Ouput@LRP345a,LRP346
LRP346,Input@LRP346a
Ouput@LRP346a,Input@LRP346a
Ouput@LRP346a,LRP347
LRP347,Input@LRP347a
Ouput@LRP347a,Input@LRP347b
Ouput@LRP347b,LRP347c
LRP347c,LRP348
LRP348,Input@LRP348a
Ouput@LRP348a,Input@LRP348b
Ouput@LRP348b,LRP349
LRP349,Input@LRP349a
Ouput@LRP349a,Input@LRP349b
Ouput@LRP349b,LRP350
LRP350,Input@LRP350a
Ouput@LRP350a,LRP350b
LRP350b,LRP350c
LRP350c,LRP350d
LRP350d,LRP351
LRP351,Input@LRP351a
Ouput@LRP351a,LRP352
LRP352,Input@LRP352a
Ouput@LRP352a,LRP353
LRP353,Input@LRP353a
Ouput@LRP353a,Input@LRP353b
Ouput@LRP353b,LRP354
LRP354,Input@LRP354a
Ouput@LRP354a,LRP354b
LRP354b,LRP354c
LRP354c,Input@LRP354d
Ouput@LRP354d,Input@LRP354d
Ouput@LRP354d,LRP355
LRP355,LRP355a
LRP355a,LRP355b
LRP355b,LRP356
LRP356,LRP356a
LRP356a,LRP356b
LRP356b,LRP357
LRP357,Input@LRP357a
Ouput@LRP357a,LRP357b
LRP357b,Input@LRP357c
Ouput@LRP357c,Input@LRP357d
Ouput@LRP357d,Input@LRP357f
Ouput@LRP357f,LRP358
LRP358,Input@LRP358a
Ouput@LRP358a,Input@LRP358b
Ouput@LRP358b,LRP359
LRP359,Input@LRP359a
Ouput@LRP359a,Input@LRP359b
Ouput@LRP359b,LRP360
LRP360,Input@LRP360a
Ouput@LRP360a,Input@LRP360c
Ouput@LRP360c,LRP361
LRP361,LRP361a
LRP361a,LRP361b
LRP361b,LRP362
LRP362,LRP362a
LRP362a,LRP362b
LRP362b,LRP362c
LRP362c,LRP362d
LRP362d,LRP363
LRP363,Input@LRP363b
Ouput@LRP363b,LRP364
LRP364,Input@LRP364a
Ouput@LRP364a,Input@LRP364c
Ouput@LRP364c,Input@LRP364d
Ouput@LRP364d,LRP365
LRP365,Input@LRP365a
Ouput@LRP365a,LRP365b
LRP365b,LRP365c
LRP365c,LRP365d
LRP365d,LRP365e
LRP365e,LRP366
LRP366,LRP366a
LRP366a,LRP366b
LRP366b,LRP367
LRP367,Input@LRP367a
Ouput@LRP367a,LRP367b
LRP367b,LRP368
LRP368,Input@LRP368a
Ouput@LRP368a,Input@LRP368c
Ouput@LRP368c,Input@LRP368c
Ouput@LRP368c,LRP369
LRP369,Input@LRP369a
Ouput@LRP369a,Input@LRP369b
Ouput@LRP369b,Input@LRP369c
Ouput@LRP369c,LRP370
LRP370,Input@LRP370a
Ouput@LRP370a,Input@LRP370c
Ouput@LRP370c,Input@LRP370e
Ouput@LRP370e,LRP371
LRP371,Input@LRP371a
Ouput@LRP371a,Input@LRP371c
Ouput@LRP371c,LRP372
LRP372,Input@LRP372a
Ouput@LRP372a,LRP372b
LRP372b,Input@LRP372c
Ouput@LRP372c,LRP373
LRP373,Input@LRP373a
Ouput@LRP373a,Input@LRP373b
Ouput@LRP373b,LRP373c
LRP373c,LRP374
LRP374,Input@LRP374a
Ouput@LRP374a,Input@LRP374c
Ouput@LRP374c,Input@LRP374e
Ouput@LRP374e,LRP375
LRP375,Input@LRP375a
Ouput@LRP375a,LRP375b
LRP375b,Input@LRP375c
Ouput@LRP375c,LRP376
LRP376,Input@LRP376a
Ouput@LRP376a,LRP376b
LRP376b,LRP376c
LRP376c,LRP376d
LRP376d,LRP377
LRP377,Input@LRP377a
Ouput@LRP377a,Input@LRP377a
Ouput@LRP377a,LRP377b
LRP377b,Input@LRP377c
Ouput@LRP377c,Input@LRP377d
Ouput@LRP377d,Input@LRP377f
Ouput@LRP377f,LRP378
LRP378,Input@LRP378a
Ouput@LRP378a,Input@LRP378b
Ouput@LRP378b,LRP378c
LRP378c,LRP378d
LRP378d,LRP379
LRP379,Input@LRP379a
Ouput@LRP379a,Input@LRP379b
Ouput@LRP379b,Input@LRP379c
Ouput@LRP379c,LRP380
LRP380,Input@LRP380a
Ouput@LRP380a,LRP380b
LRP380b,Input@LRP380c
Ouput@LRP380c,Input@LRP380e
Ouput@LRP380e,LRP381
LRP381,Input@LRP381a
Ouput@LRP381a,Input@LRP381b
Ouput@LRP381b,Input@LRP381c
Ouput@LRP381c,LRP382
LRP382,Input@LRP382a
Ouput@LRP382a,Input@LRP382b
Ouput@LRP382b,Input@LRP382c
Ouput@LRP382c,LRP382d
LRP382d,LRP383
LRP383,Input@LRP383a
Ouput@LRP383a,Input@LRP383b
Ouput@LRP383b,Input@LRP383c
Ouput@LRP383c,Input@LRP383d
Ouput@LRP383d,LRP384
LRP384,Input@LRP384a
Ouput@LRP384a,Input@LRP384b
Ouput@LRP384b,LRP385
LRP385,Input@LRP385a
Ouput@LRP385a,Input@LRP385b
Ouput@LRP385b,Input@LRP385c
Ouput@LRP385c,Input@LRP385d
Ouput@LRP385d,Input@LRP385e
Ouput@LRP385e,Input@LRP385f
Ouput@LRP385f,Input@LRP385g
Ouput@LRP385g,LRP386
LRP386,Input@LRP386a
Ouput@LRP386a,Input@LRP386b
Ouput@LRP386b,Input@LRP386c
Ouput@LRP386c,Input@LRP386d
Ouput@LRP386d,Input@LRP386e
Ouput@LRP386e,Input@LRP386f
Ouput@LRP386f,Input@LRP386g
Ouput@LRP386g,LRP387
LRP387,Input@LRP387a
Ouput@LRP387a,Input@LRP387b
Ouput@LRP387b,Input@LRP387c
Ouput@LRP387c,Input@LRP387d
Ouput@LRP387d,Input@LRP387e
Ouput@LRP387e,Input@LRP387f
Ouput@LRP387f,LRP388
LRP388,Input@LRP388a
Ouput@LRP388a,Input@LRP388b
Ouput@LRP388b,Input@LRP388c
Ouput@LRP388c,Input@LRP388d
Ouput@LRP388d,Input@LRP388e
Ouput@LRP388e,LRP389
LRP389,Input@LRP389a
Ouput@LRP389a,Input@LRP389b
Ouput@LRP389b,Input@LRP389c
Ouput@LRP389c,Input@LRP389d
Ouput@LRP389d,LRP389e
LRP389e,LRP390
LRP390,Input@LRP390a
Ouput@LRP390a,Input@LRP390a
Ouput@LRP390a,LRP390b
LRP390b,Input@LRP390c
Ouput@LRP390c,LRP391
LRP391,Input@LRP391a
Ouput@LRP391a,LRP391b
LRP391b,Input@LRP391c
Ouput@LRP391c,LRP392
LRP392,Input@LRP392a
Ouput@LRP392a,LRP392b
LRP392b,LRP392c
LRP392c,LRP392d
LRP392d,LRP392e
LRP392e,LRP393
LRP393,Input@LRP393a
Ouput@LRP393a,LRP393b
LRP393b,Input@LRP393c
Ouput@LRP393c,LRP394
LRP394,Input@LRP394a
Ouput@LRP394a,LRP394b
LRP394b,Input@LRP394c
Ouput@LRP394c,LRP394d
LRP394d,Input@LRP394e
Ouput@LRP394e,LRP394f
LRP394f,LRP394g
LRP394g,LRP395
LRP395,Input@LRP395a
Ouput@LRP395a,LRP395b
LRP395b,LRP395c
LRP395c,LRP395d
LRP395d,LRP395e
LRP395e,LRP395f
LRP395f,LRP395g
LRP395g,LRP395h
LRP395h,LRP396
LRP396,Input@LRP396a
Ouput@LRP396a,Input@LRP396b
Ouput@LRP396b,LRP396c
LRP396c,LRP396d
LRP396d,LRP396e
LRP396e,LRP396f
LRP396f,LRP397
LRP397,LRP397a
LRP397a,LRP397b
LRP397b,LRP397c
LRP397c,LRP397d
LRP397d,LRP398
LRP398,Input@LRP398a
Ouput@LRP398a,Input@LRP398b
Ouput@LRP398b,LRP398c
LRP398c,Input@LRP398d
Ouput@LRP398d,LRP399
LRP399,LRP399a
LRP399a,LRP399b
LRP399b,LRP399c
LRP399c,LRP400
LRP400,Input@LRP400a
Ouput@LRP400a,Input@LRP400b
Ouput@LRP400b,Input@LRP400c
Ouput@LRP400c,Input@LRP400e
Ouput@LRP400e,LRP401
LRP401,Input@LRP401a
Ouput@LRP401a,LRP401b
LRP401b,Input@LRP401c
Ouput@LRP401c,LRP402
LRP402,Input@LRP402a
Ouput@LRP402a,Input@LRP402b
Ouput@LRP402b,Input@LRP402c
Ouput@LRP402c,LRP403
LRP403,Input@LRP403a
Ouput@LRP403a,Input@LRP403b
Ouput@LRP403b,LRP403c
LRP403c,Input@LRP403d
Ouput@LRP403d,LRP403e
LRP403e,LRP404
LRP404,Input@LRP404a
Ouput@LRP404a,Input@LRP404b
Ouput@LRP404b,LRP405
LRP405,LRP405a
LRP405a,LRP405b
LRP405b,LRP405c
LRP405c,LRP406
LRP406,LRP407
LRP407,LRP407a
LRP407a,LRP407b
LRP407b,LRP407c
LRP407c,LRP407d
LRP407d,LRP408
LRP408,Input@LRP408a
Ouput@LRP408a,Input@LRP408b
Ouput@LRP408b,LRP409
LRP409,Input@LRP409a
Ouput@LRP409a,Input@LRP409b
Ouput@LRP409b,LRP409c
LRP409c,Input@LRP409d
Ouput@LRP409d,LRP410
LRP410,Input@LRP410a
Ouput@LRP410a,Input@LRP410b
Ouput@LRP410b,Input@LRP410c
Ouput@LRP410c,LRP410d
LRP410d,LRP411
LRP411,Input@LRP411a
Ouput@LRP411a,Input@LRP411b
Ouput@LRP411b,LRP411c
LRP411c,LRP411d
LRP411d,LRP412
LRP412,Input@LRP412a
Ouput@LRP412a,Input@LRP412b
Ouput@LRP412b,Input@LRP412b
Ouput@LRP412b,LRP412c
LRP412c,Input@LRP412d
Ouput@LRP412d,LRP412e
LRP412e,LRP413
LRP413,Input@LRP413a
Ouput@LRP413a,Input@LRP413a
Ouput@LRP413a,Input@LRP413b
Ouput@LRP413b,LRP413c
LRP413c,LRP414
LRP414,Input@LRP414a
Ouput@LRP414a,LRP415
LRP415,Input@LRP415a
Ouput@LRP415a,Input@LRP415b
Ouput@LRP415b,Input@LRP415c
Ouput@LRP415c,Input@LRP415c
Ouput@LRP415c,LRP416
LRP416,Input@LRP416a
Ouput@LRP416a,Input@LRP416a
Ouput@LRP416a,Input@LRP416b
Ouput@LRP416b,Input@LRP416b
Ouput@LRP416b,Input@LRP416d
Ouput@LRP416d,Input@LRP416d
Ouput@LRP416d,Input@LRP416e
Ouput@LRP416e,Input@LRP416f
Ouput@LRP416f,LRP417
LRP417,Input@LRP417a
Ouput@LRP417a,Input@LRP417b
Ouput@LRP417b,Input@LRP417c
Ouput@LRP417c,Input@LRP417d
Ouput@LRP417d,Input@LRP417e
Ouput@LRP417e,LRP418
LRP418,Input@LRP418a
Ouput@LRP418a,Input@LRP418b
Ouput@LRP418b,LRP418c
LRP418c,LRP419
LRP419,Input@LRP419a
Ouput@LRP419a,Input@LRP419a
Ouput@LRP419a,LRP419b
LRP419b,Input@LRP419c
Ouput@LRP419c,LRP420
LRP420,Input@LRP420a
Ouput@LRP420a,LRP420b
LRP420b,Input@LRP420c
Ouput@LRP420c,Input@LRP420d
Ouput@LRP420d,Input@LRP420e
Ouput@LRP420e,Input@LRP420f
Ouput@LRP420f,LRP421
LRP421,Input@LRP421a
Ouput@LRP421a,LRP421b
LRP421b,Input@LRP421c
Ouput@LRP421c,Input@LRP421d
Ouput@LRP421d,Input@LRP421d
Ouput@LRP421d,Input@LRP421f
Ouput@LRP421f,LRP422
LRP422,Input@LRP422a
Ouput@LRP422a,Input@LRP422b
Ouput@LRP422b,Input@LRP422c
Ouput@LRP422c,LRP423
LRP423,Input@LRP423a
Ouput@LRP423a,Input@LRP423b
Ouput@LRP423b,Input@LRP423b
Ouput@LRP423b,Input@LRP423c
Ouput@LRP423c,Input@LRP423d
Ouput@LRP423d,Input@LRP423e
Ouput@LRP423e,LRP424
LRP424,Input@LRP424a
Ouput@LRP424a,Input@LRP424a
Ouput@LRP424a,Input@LRP424b
Ouput@LRP424b,Input@LRP424c
Ouput@LRP424c,LRP424d
LRP424d,Input@LRP424e
Ouput@LRP424e,Input@LRP424g
Ouput@LRP424g,Input@LRP424g
Ouput@LRP424g,LRP425
LRP425,Input@LRP425a
Ouput@LRP425a,Input@LRP425b
Ouput@LRP425b,Input@LRP425c
Ouput@LRP425c,Input@LRP425c
Ouput@LRP425c,LRP425d
LRP425d,Input@LRP425e
Ouput@LRP425e,LRP425f
LRP425f,LRP426
LRP426,Input@LRP426a
Ouput@LRP426a,Input@LRP426b
Ouput@LRP426b,Input@LRP426c
Ouput@LRP426c,Input@LRP426d
Ouput@LRP426d,Input@LRP426e
Ouput@LRP426e,LRP427
LRP427,Input@LRP427a
Ouput@LRP427a,Input@LRP427b
Ouput@LRP427b,Input@LRP427b
Ouput@LRP427b,LRP427c
LRP427c,Input@LRP427d
Ouput@LRP427d,Input@LRP427e
Ouput@LRP427e,LRP428
LRP428,Input@LRP428a
Ouput@LRP428a,Input@LRP428b
Ouput@LRP428b,Input@LRP428c
Ouput@LRP428c,Input@LRP428d
Ouput@LRP428d,LRP429
LRP429,Input@LRP429a
Ouput@LRP429a,Input@LRP429b
Ouput@LRP429b,Input@LRP429c
Ouput@LRP429c,Input@LRP429d
Ouput@LRP429d,Input@LRP429d
Ouput@LRP429d,LRP429e
LRP429e,Input@LRP429f
Ouput@LRP429f,LRP430
LRP430,Input@LRP430a
Ouput@LRP430a,Input@LRP430b
Ouput@LRP430b,Input@LRP430c
Ouput@LRP430c,Input@LRP430d
Ouput@LRP430d,LRP430e
LRP430e,LRP431
LRP431,Input@LRP431a
Ouput@LRP431a,Input@LRP431b
Ouput@LRP431b,Input@LRP431c
Ouput@LRP431c,Input@LRP431d
Ouput@LRP431d,LRP432
LRP432,Input@LRP432a
Ouput@LRP432a,Input@LRP432b
Ouput@LRP432b,Input@LRP432b
Ouput@LRP432b,LRP432c
LRP432c,LRP432d
LRP432d,LRP432e
LRP432e,LRP432f
LRP432f,LRP433
LRP433,Input@LRP433a
Ouput@LRP433a,Input@LRP433b
Ouput@LRP433b,Input@LRP433b
Ouput@LRP433b,Input@LRP433c
Ouput@LRP433c,Input@LRP433c
Ouput@LRP433c,Input@LRP433d
Ouput@LRP433d,LRP433e
LRP433e,LRP433f
LRP433f,LRP433g
LRP433g,LRP434
LRP434,Input@LRP434a
Ouput@LRP434a,Input@LRP434b
Ouput@LRP434b,LRP434c
LRP434c,LRP434d
LRP434d,LRP435
LRP435,Input@LRP435a
Ouput@LRP435a,Input@LRP435b
Ouput@LRP435b,Input@LRP435c
Ouput@LRP435c,LRP435d
LRP435d,LRP435e
LRP435e,LRP436
LRP436,Input@LRP436a
Ouput@LRP436a,Input@LRP436a
Ouput@LRP436a,LRP436b
LRP436b,LRP436c
LRP436c,LRP436d
LRP436d,LRP436e
LRP436e,LRP437
LRP437,Input@LRP437a
Ouput@LRP437a,Input@LRP437b
Ouput@LRP437b,LRP437c
LRP437c,LRP438
LRP438,Input@LRP438a
Ouput@LRP438a,Input@LRP438b
Ouput@LRP438b,Input@LRP438c
Ouput@LRP438c,LRP438d
LRP438d,LRP438e
LRP438e,LRP439
LRP439,Input@LRP439a
Ouput@LRP439a,Input@LRP439a
Ouput@LRP439a,LRP439b
LRP439b,Input@LRP439c
Ouput@LRP439c,LRP439d
LRP439d,LRP440
LRP440,Input@LRP440a
Ouput@LRP440a,LRP440b
LRP440b,LRP440c
LRP440c,LRP440d
LRP440d,LRP440e
LRP440e,LRP441
LRP441,Input@LRP441a
Ouput@LRP441a,LRP441b
LRP441b,LRP441c
LRP441c,LRP442
LRP442,Input@LRP442a
Ouput@LRP442a,LRP442b
LRP442b,LRP442c
LRP442c,LRP442d
LRP442d,LRP443
LRP443,Input@LRP443a
Ouput@LRP443a,Input@LRP443a
Ouput@LRP443a,LRP443b
LRP443b,Input@LRP443c
Ouput@LRP443c,Input@LRP443d
Ouput@LRP443d,Input@LRP443d
Ouput@LRP443d,LRP444
LRP444,Input@LRP444a
Ouput@LRP444a,Input@LRP444b
Ouput@LRP444b,Input@LRP444c
Ouput@LRP444c,Input@LRP444d
Ouput@LRP444d,Input@LRP444e
Ouput@LRP444e,LRP445
LRP445,Input@LRP445a
Ouput@LRP445a,Input@LRP445b
Ouput@LRP445b,Input@LRP445b
Ouput@LRP445b,Input@LRP445d
Ouput@LRP445d,LRP446
LRP446,Input@LRP446a
Ouput@LRP446a,Input@LRP446b
Ouput@LRP446b,Input@LRP446b
Ouput@LRP446b,Input@LRP446d
Ouput@LRP446d,LRP447
LRP447,Input@LRP447a
Ouput@LRP447a,Input@LRP447b
Ouput@LRP447b,Input@LRP447c
Ouput@LRP447c,LRP448
LRP448,Input@LRP448a
Ouput@LRP448a,LRP448b
LRP448b,Input@LRP448c
Ouput@LRP448c,Input@LRP448c
Ouput@LRP448c,LRP449
LRP449,Input@LRP449a
Ouput@LRP449a,Input@LRP449a
Ouput@LRP449a,Input@LRP449c
Ouput@LRP449c,Input@LRP449d
Ouput@LRP449d,Input@LRP449f
Ouput@LRP449f,LRP450
LRP450,Input@LRP450a
Ouput@LRP450a,Input@LRP450a
Ouput@LRP450a,LRP450b
LRP450b,Input@LRP450c
Ouput@LRP450c,Input@LRP450d
Ouput@LRP450d,Input@LRP450e
Ouput@LRP450e,Input@LRP450e
Ouput@LRP450e,LRP451
LRP451,Input@LRP451a
Ouput@LRP451a,Input@LRP451b
Ouput@LRP451b,Input@LRP451c
Ouput@LRP451c,Input@LRP451c
Ouput@LRP451c,Input@LRP451e
Ouput@LRP451e,Input@LRP451f
Ouput@LRP451f,Input@LRP451f
Ouput@LRP451f,Input@LRP451h
Ouput@LRP451h,Input@LRP451i
Ouput@LRP451i,LRP452
LRP452,Input@LRP452a
Ouput@LRP452a,Input@LRP452a
Ouput@LRP452a,LRP452b
LRP452b,Input@LRP452c
Ouput@LRP452c,Input@LRP452d
Ouput@LRP452d,Input@LRP452e
Ouput@LRP452e,Input@LRP452f
Ouput@LRP452f,Input@LRP452f
Ouput@LRP452f,Input@LRP452h
Ouput@LRP452h,Input@LRP452h
Ouput@LRP452h,Input@LRP452i
Ouput@LRP452i,Input@LRP452i
Ouput@LRP452i,Input@LRP452j
Ouput@LRP452j,Input@LRP452j
Ouput@LRP452j,LRP453
LRP453,Input@LRP453a
Ouput@LRP453a,Input@LRP453a
Ouput@LRP453a,LRP453b
LRP453b,LRP453c
LRP453c,LRP453d
LRP453d,LRP453e
LRP453e,LRP454
LRP454,Input@LRP454a
Ouput@LRP454a,Input@LRP454b
Ouput@LRP454b,Input@LRP454b
Ouput@LRP454b,LRP454c
LRP454c,LRP454d
LRP454d,LRP455
LRP455,Input@LRP455a
Ouput@LRP455a,Input@LRP455a
Ouput@LRP455a,LRP455b
LRP455b,LRP455c
LRP455c,LRP456
LRP456,Input@LRP456a
Ouput@LRP456a,Input@LRP456b
Ouput@LRP456b,Input@LRP456c
Ouput@LRP456c,LRP456d
LRP456d,LRP456e
LRP456e,LRP456f
LRP456f,LRP457
LRP457,LRP457a
LRP457a,LRP457b
LRP457b,LRP457c
LRP457c,LRP457d
LRP457d,LRP457e
LRP457e,LRP458
LRP458,LRP458a
LRP458a,LRP458b
LRP458b,LRP458c
LRP458c,LRP458d
LRP458d,LRP458e
LRP458e,LRP458f
LRP458f,LRP459
LRP459,LRP459a
LRP459a,LRP459b
LRP459b,LRP459c
LRP459c,LRP459d
LRP459d,LRP460
LRP460,LRP460a
LRP460a,LRP460b
LRP460b,LRP460c
LRP460c,LRP460d
LRP460d,LRP460e
LRP460e,LRP460f
LRP460f,LRP460g
LRP460g,LRP460h
LRP460h,LRP461
LRP461,LRP461a
LRP461a,LRP461b
LRP461b,LRP461c
LRP461c,LRP461d
LRP461d,LRP461e
LRP461e,LRP461f
LRP461f,LRP461g
LRP461g,LRP461h
LRP461h,LRP461i
LRP461i,LRP461j
LRP461j,LRP461k
LRP461k,LRP462
LRP462,LRP462a
LRP462a,LRP462b
LRP462b,LRP463
LRP463,LRP463a
LRP463a,LRP463b
LRP463b,LRP464
LRP464,LRP464a
LRP464a,LRP464b
LRP464b,LRP465
LRP465,LRP465a
LRP465a,LRP465b
LRP465b,LRP466
LRP466,LRP466a
LRP466a,LRP466b
LRP466b,LRP466c
LRP466c,LRP467
LRP467,Input@LRPE
